customer_id,created_date,tenure_days,is_paid,subscription_cost,churn_probability,risk_tier
154536156,2022-09-01,372,1,39,0.05,High Risk
152925600,2022-09-02,371,1,39,0.09,High Risk
154131290,2022-09-03,370,1,39,0.02,Medium Risk
154434009,2022-09-03,370,1,39,0.02,Medium Risk
154225450,2022-09-05,368,1,39,0.1,High Risk
154923423,2022-09-06,367,1,39,0.05,High Risk
134664128,2022-09-06,367,1,39,0.05,High Risk
154537244,2022-09-07,366,1,39,0.01,Medium Risk
154163218,2022-09-07,366,1,39,0.01,Medium Risk
155113805,2022-09-08,365,1,39,0.0,Low Risk
155245796,2022-09-10,363,1,39,0.07,High Risk
154937101,2022-09-15,358,1,39,0.03,High Risk
155192606,2022-09-16,357,1,39,0.05,High Risk
152084572,2022-09-17,356,1,39,0.05,High Risk
155967446,2022-09-20,353,1,39,0.28,High Risk
156135106,2022-09-22,351,1,39,0.04,High Risk
156235650,2022-09-23,350,1,39,0.04,High Risk
156292980,2022-09-25,348,1,39,0.11,High Risk
156032089,2022-09-28,345,1,39,0.11,High Risk
151735444,2022-09-30,343,1,39,0.15,High Risk
156754286,2022-10-01,342,1,39,0.17,High Risk
153957162,2022-10-02,341,1,39,0.35,High Risk
156895692,2022-10-05,338,1,39,0.02,Medium Risk
153587226,2022-10-05,338,1,39,0.02,Medium Risk
153554190,2022-10-07,336,1,39,0.02,Medium Risk
157411994,2022-10-07,336,1,39,0.02,Medium Risk
156996568,2022-10-10,333,1,39,0.01,Medium Risk
149662340,2022-10-13,330,1,39,0.07,High Risk
126918448,2022-10-13,330,1,39,0.07,High Risk
157436507,2022-10-16,327,1,39,0.07,High Risk
158009130,2022-10-17,326,1,39,0.0,Low Risk
158220808,2022-10-18,325,0,39,0.01,Medium Risk
158499042,2022-10-21,322,1,39,0.06,High Risk
157505106,2022-10-22,321,1,39,0.02,Medium Risk
158849640,2022-10-23,320,1,39,0.09,High Risk
159204523,2022-10-25,318,1,39,0.0,Low Risk
159236268,2022-10-25,318,0,39,0.0,Low Risk
159281338,2022-10-26,317,1,39,0.0,Low Risk
159364232,2022-10-26,317,1,39,0.0,Low Risk
159276280,2022-10-26,317,1,39,0.0,Low Risk
159664292,2022-10-27,316,1,39,0.03,High Risk
158114418,2022-10-28,315,1,39,0.04,High Risk
159706104,2022-10-28,315,1,39,0.04,High Risk
159861170,2022-10-29,314,1,39,0.03,High Risk
159829834,2022-10-30,313,1,39,0.08,High Risk
159979372,2022-10-31,312,1,39,0.01,Medium Risk
153814649,2022-10-31,312,1,39,0.01,Medium Risk
159931469,2022-10-31,312,1,39,0.01,Medium Risk
159927090,2022-11-02,310,1,39,0.01,Medium Risk
149188028,2022-11-02,310,1,39,0.01,Medium Risk
160208723,2022-11-04,308,1,39,0.0,Low Risk
158736659,2022-11-07,305,1,39,0.0,Low Risk
160813660,2022-11-07,305,1,39,0.0,Low Risk
158524240,2022-11-07,305,1,39,0.0,Low Risk
160702738,2022-11-07,305,1,39,0.0,Low Risk
162409676,2022-11-14,298,1,39,0.0,Low Risk
157438261,2022-11-14,298,1,39,0.0,Low Risk
161623906,2022-11-15,297,1,39,0.01,Medium Risk
145664226,2022-11-15,297,1,39,0.01,Medium Risk
162992590,2022-11-16,296,1,39,0.03,High Risk
152316740,2022-11-17,295,1,39,0.04,High Risk
162490128,2022-11-18,294,1,39,0.14,High Risk
163178244,2022-11-21,291,0,39,0.1,High Risk
164087136,2022-11-22,290,1,39,0.03,High Risk
163362190,2022-11-25,287,1,39,0.09,High Risk
121439836,2022-11-27,285,1,39,0.13,High Risk
154710805,2022-11-28,284,1,39,0.01,Medium Risk
164084318,2022-11-28,284,1,39,0.01,Medium Risk
164141888,2022-11-29,283,1,39,0.06,High Risk
166529240,2022-11-30,282,1,39,0.06,High Risk
162126074,2022-12-01,281,1,39,0.0,Low Risk
162640429,2022-12-01,281,1,39,0.0,Low Risk
164413682,2022-12-01,281,1,39,0.0,Low Risk
162850052,2022-12-01,281,1,39,0.0,Low Risk
163258260,2022-12-02,280,1,39,0.04,High Risk
167051046,2022-12-02,280,1,39,0.04,High Risk
160980795,2022-12-03,279,1,39,0.01,Medium Risk
167544686,2022-12-03,279,1,39,0.01,Medium Risk
161968719,2022-12-03,279,1,39,0.01,Medium Risk
159070152,2022-12-03,279,1,39,0.01,Medium Risk
157381517,2022-12-05,277,1,39,0.18,High Risk
168436401,2022-12-07,275,1,39,0.04,High Risk
166411463,2022-12-08,274,1,39,0.0,Low Risk
168433088,2022-12-08,274,1,39,0.0,Low Risk
155426075,2022-12-08,274,1,39,0.0,Low Risk
153157541,2022-12-11,271,1,39,0.08,High Risk
169133180,2022-12-11,271,1,39,0.08,High Risk
169895510,2022-12-12,270,1,39,0.05,High Risk
169837410,2022-12-12,270,1,39,0.05,High Risk
169854397,2022-12-12,270,0,39,0.04,High Risk
170037760,2022-12-13,269,1,39,0.02,Medium Risk
160272364,2022-12-14,268,1,39,0.03,High Risk
144938943,2022-12-14,268,0,39,0.03,High Risk
170968987,2022-12-15,267,1,39,0.07,High Risk
171131528,2022-12-18,264,1,39,0.07,High Risk
138235674,2022-12-19,263,1,39,0.11,High Risk
168696864,2022-12-20,262,1,39,0.02,Medium Risk
174268714,2022-12-20,262,1,39,0.02,Medium Risk
147022677,2022-12-20,262,1,39,0.02,Medium Risk
122922737,2022-12-21,261,1,39,0.02,Medium Risk
154711077,2022-12-22,260,1,39,0.0,Low Risk
163619032,2022-12-22,260,1,39,0.0,Low Risk
171001864,2022-12-22,260,1,39,0.0,Low Risk
151890014,2022-12-22,260,1,39,0.0,Low Risk
174696512,2022-12-23,259,1,39,0.03,High Risk
175314293,2022-12-23,259,1,39,0.03,High Risk
175431141,2022-12-24,258,1,39,0.0,Low Risk
175166391,2022-12-25,257,1,39,0.03,High Risk
143248615,2022-12-26,256,1,39,0.05,High Risk
174132333,2022-12-27,255,1,39,0.01,Medium Risk
178355844,2022-12-29,253,1,39,0.0,Low Risk
176989743,2022-12-29,253,1,39,0.0,Low Risk
177971827,2022-12-29,253,1,39,0.0,Low Risk
177238262,2023-01-02,249,1,39,0.03,High Risk
173131478,2023-01-02,249,1,39,0.03,High Risk
124634385,2023-01-03,248,1,39,0.03,High Risk
180740092,2023-01-03,248,1,39,0.03,High Risk
181717508,2023-01-04,247,1,39,0.0,Low Risk
178928897,2023-01-05,246,1,39,0.01,Medium Risk
181840814,2023-01-05,246,1,39,0.01,Medium Risk
179758181,2023-01-06,245,1,39,0.03,High Risk
167266048,2023-01-06,245,1,39,0.03,High Risk
181770777,2023-01-08,243,1,39,0.04,High Risk
183916833,2023-01-09,242,1,39,0.01,Medium Risk
184370857,2023-01-10,241,1,39,0.02,Medium Risk
184334484,2023-01-11,240,1,39,0.0,Low Risk
181576265,2023-01-11,240,1,39,0.0,Low Risk
183645116,2023-01-11,240,1,39,0.0,Low Risk
183197132,2023-01-12,239,1,39,0.02,Medium Risk
156239744,2023-01-12,239,1,39,0.02,Medium Risk
184481262,2023-01-12,239,1,39,0.02,Medium Risk
157474087,2023-01-13,238,1,39,0.01,Medium Risk
182350116,2023-01-13,238,1,39,0.01,Medium Risk
183965840,2023-01-15,236,1,39,0.05,High Risk
186770408,2023-01-16,235,1,39,0.03,High Risk
181025165,2023-01-16,235,1,39,0.03,High Risk
188226033,2023-01-17,234,0,39,0.04,High Risk
188137320,2023-01-17,234,0,39,0.04,High Risk
128603349,2023-01-18,233,1,39,0.05,High Risk
189410056,2023-01-19,232,1,39,0.01,Medium Risk
184970659,2023-01-19,232,1,39,0.01,Medium Risk
189278478,2023-01-20,231,1,39,0.0,Low Risk
184066428,2023-01-20,231,1,39,0.0,Low Risk
135771077,2023-01-20,231,1,39,0.0,Low Risk
190871376,2023-01-21,230,1,39,0.03,High Risk
190666110,2023-01-23,228,1,39,0.01,Medium Risk
180622613,2023-01-23,228,1,39,0.01,Medium Risk
188827172,2023-01-23,228,1,39,0.01,Medium Risk
191807491,2023-01-24,227,1,39,0.21,High Risk
141399368,2023-01-25,226,1,39,0.04,High Risk
193285633,2023-01-25,226,1,39,0.04,High Risk
193891378,2023-01-25,226,1,39,0.04,High Risk
189257579,2023-01-26,225,1,39,0.0,Low Risk
184333409,2023-01-26,225,1,39,0.0,Low Risk
144719454,2023-01-26,225,1,39,0.0,Low Risk
195759475,2023-01-26,225,1,39,0.0,Low Risk
167602454,2023-01-26,225,1,39,0.0,Low Risk
148838269,2023-01-26,225,1,39,0.0,Low Risk
115735280,2023-01-27,224,1,39,0.01,Medium Risk
153026024,2023-01-27,224,1,39,0.01,Medium Risk
196069557,2023-01-27,224,1,39,0.01,Medium Risk
193666586,2023-01-27,224,1,39,0.01,Medium Risk
192550222,2023-01-27,224,1,39,0.01,Medium Risk
160873880,2023-01-28,223,1,39,0.02,Medium Risk
153657568,2023-01-29,222,1,39,0.14,High Risk
191896242,2023-01-30,221,1,39,0.12,High Risk
195007481,2023-01-31,220,1,39,0.05,High Risk
181830574,2023-01-31,220,1,39,0.05,High Risk
198691553,2023-01-31,220,1,39,0.05,High Risk
194472898,2023-02-01,219,1,39,0.0,Low Risk
200962065,2023-02-01,219,1,39,0.0,Low Risk
196821289,2023-02-01,219,1,39,0.0,Low Risk
200867442,2023-02-01,219,1,39,0.0,Low Risk
187855576,2023-02-01,219,1,39,0.0,Low Risk
199388324,2023-02-02,218,1,39,0.0,Low Risk
202030516,2023-02-02,218,1,39,0.0,Low Risk
196926212,2023-02-02,218,1,39,0.0,Low Risk
202401357,2023-02-04,216,1,39,0.05,High Risk
202304812,2023-02-05,215,1,39,0.0,Low Risk
160030890,2023-02-05,215,1,39,0.0,Low Risk
202524608,2023-02-05,215,1,39,0.0,Low Risk
198447368,2023-02-05,215,1,39,0.0,Low Risk
202458624,2023-02-05,215,1,39,0.0,Low Risk
152050632,2023-02-06,214,1,39,0.0,Low Risk
201313284,2023-02-06,214,1,39,0.0,Low Risk
202118292,2023-02-06,214,1,39,0.0,Low Risk
202298964,2023-02-06,214,1,39,0.0,Low Risk
202496216,2023-02-06,214,1,39,0.0,Low Risk
152354478,2023-02-06,214,1,39,0.0,Low Risk
192781688,2023-02-07,213,1,39,0.0,Low Risk
196859472,2023-02-07,213,1,39,0.0,Low Risk
200333728,2023-02-07,213,1,39,0.0,Low Risk
129896329,2023-02-07,213,1,39,0.0,Low Risk
203254948,2023-02-08,212,1,39,0.11,High Risk
203242766,2023-02-09,211,1,39,0.01,Medium Risk
203398103,2023-02-09,211,1,39,0.01,Medium Risk
203243685,2023-02-09,211,1,39,0.01,Medium Risk
203370322,2023-02-09,211,1,39,0.01,Medium Risk
138689458,2023-02-09,211,1,39,0.01,Medium Risk
203315186,2023-02-09,211,1,39,0.01,Medium Risk
203292575,2023-02-09,211,1,39,0.01,Medium Risk
152193617,2023-02-11,209,1,39,0.33,High Risk
160878134,2023-02-13,207,1,39,0.02,Medium Risk
204378294,2023-02-14,206,1,39,0.0,Low Risk
204376665,2023-02-14,206,1,39,0.0,Low Risk
204270637,2023-02-14,206,1,39,0.0,Low Risk
202377942,2023-02-15,205,1,39,0.06,High Risk
204650391,2023-02-16,204,1,39,0.05,High Risk
202459470,2023-02-18,202,1,39,0.03,High Risk
155508761,2023-02-18,202,1,39,0.03,High Risk
195188483,2023-02-19,201,1,39,0.03,High Risk
204773056,2023-02-19,201,1,39,0.03,High Risk
204814320,2023-02-20,200,1,39,0.0,Low Risk
126851221,2023-02-20,200,1,39,0.0,Low Risk
204845935,2023-02-20,200,1,39,0.0,Low Risk
204902258,2023-02-21,199,1,39,0.05,High Risk
204997225,2023-02-22,198,1,39,0.09,High Risk
126103612,2023-02-22,198,1,39,0.09,High Risk
139152786,2023-02-23,197,1,39,0.04,High Risk
204753108,2023-02-23,197,1,39,0.04,High Risk
195325206,2023-02-25,195,1,39,0.08,High Risk
205102955,2023-02-25,195,1,39,0.08,High Risk
180798046,2023-02-27,193,1,39,0.04,High Risk
152043244,2023-02-28,192,1,39,0.03,High Risk
204567111,2023-02-28,192,1,39,0.03,High Risk
205487880,2023-02-28,192,1,39,0.03,High Risk
205489808,2023-02-28,192,1,39,0.03,High Risk
205548739,2023-03-01,191,1,39,0.08,High Risk
202228372,2023-03-01,191,1,39,0.08,High Risk
205658636,2023-03-02,190,1,39,0.05,High Risk
205700946,2023-03-03,189,1,39,0.12,High Risk
165807144,2023-03-03,189,1,39,0.12,High Risk
205692510,2023-03-04,188,1,39,0.08,High Risk
205713052,2023-03-06,186,1,39,0.0,Low Risk
138121122,2023-03-06,186,1,39,0.0,Low Risk
191326286,2023-03-06,186,1,39,0.0,Low Risk
178838732,2023-03-06,186,1,39,0.0,Low Risk
205871342,2023-03-06,186,1,39,0.0,Low Risk
206052140,2023-03-08,184,1,39,0.07,High Risk
206076518,2023-03-09,183,1,39,0.19,High Risk
206139451,2023-03-10,182,1,39,0.28,High Risk
206196328,2023-03-10,182,1,39,0.28,High Risk
206272716,2023-03-11,181,1,39,0.66,High Risk
206504573,2023-03-14,178,1,39,0.0,Low Risk
206490851,2023-03-14,178,1,39,0.0,Low Risk
206468868,2023-03-14,178,1,39,0.0,Low Risk
206316124,2023-03-14,178,1,39,0.0,Low Risk
206549666,2023-03-15,177,1,39,0.0,Low Risk
133623621,2023-03-15,177,1,39,0.0,Low Risk
130982816,2023-03-15,177,1,39,0.0,Low Risk
206501414,2023-03-16,176,1,39,0.03,High Risk
148758550,2023-03-17,175,1,39,0.0,Low Risk
206682036,2023-03-17,175,1,39,0.0,Low Risk
206149654,2023-03-17,175,1,39,0.0,Low Risk
206653056,2023-03-17,175,1,39,0.0,Low Risk
198466025,2023-03-17,175,1,39,0.0,Low Risk
205889926,2023-03-18,174,1,39,0.02,Medium Risk
151713121,2023-03-18,174,1,39,0.02,Medium Risk
183332399,2023-03-19,173,1,39,0.18,High Risk
152223051,2023-03-20,172,1,39,0.01,Medium Risk
206865174,2023-03-20,172,1,39,0.01,Medium Risk
143327052,2023-03-20,172,1,39,0.01,Medium Risk
206693452,2023-03-21,171,1,39,0.04,High Risk
193499084,2023-03-21,171,1,39,0.04,High Risk
207045565,2023-03-22,170,1,39,0.01,Medium Risk
205483607,2023-03-22,170,1,39,0.01,Medium Risk
147662374,2023-03-22,170,1,39,0.01,Medium Risk
207051401,2023-03-23,169,1,39,0.01,Medium Risk
206904848,2023-03-23,169,1,39,0.01,Medium Risk
206105763,2023-03-24,168,1,39,0.01,Medium Risk
198968224,2023-03-24,168,1,39,0.01,Medium Risk
205342230,2023-03-24,168,1,39,0.01,Medium Risk
207224044,2023-03-24,168,1,39,0.01,Medium Risk
174232231,2023-03-24,168,1,39,0.01,Medium Risk
207433836,2023-03-25,167,1,39,0.0,Low Risk
207382183,2023-03-25,167,1,39,0.0,Low Risk
205051942,2023-03-25,167,1,39,0.0,Low Risk
205883858,2023-03-26,166,1,39,0.05,High Risk
207288677,2023-03-27,165,1,39,0.01,Medium Risk
208151007,2023-03-27,165,1,39,0.01,Medium Risk
207218336,2023-03-27,165,1,39,0.01,Medium Risk
208105889,2023-03-27,165,1,39,0.01,Medium Risk
208618235,2023-03-28,164,1,39,0.0,Low Risk
167713351,2023-03-28,164,1,39,0.0,Low Risk
149975492,2023-03-28,164,1,39,0.0,Low Risk
208286745,2023-03-28,164,1,39,0.0,Low Risk
147000442,2023-03-29,163,1,39,0.0,Low Risk
207062508,2023-03-29,163,1,39,0.0,Low Risk
206862916,2023-03-29,163,1,39,0.0,Low Risk
208706866,2023-03-29,163,1,39,0.0,Low Risk
156550538,2023-03-30,162,1,39,0.0,Low Risk
208897557,2023-03-30,162,1,39,0.0,Low Risk
157484010,2023-03-30,162,1,39,0.0,Low Risk
208320510,2023-03-31,161,1,39,0.12,High Risk
206625246,2023-04-01,160,1,39,0.06,High Risk
208748964,2023-04-01,160,1,39,0.06,High Risk
151904783,2023-04-01,160,1,39,0.06,High Risk
208597905,2023-04-02,159,1,39,0.1,High Risk
154911229,2023-04-03,158,1,39,0.0,Low Risk
206812076,2023-04-03,158,1,39,0.0,Low Risk
208490747,2023-04-03,158,1,39,0.0,Low Risk
131761056,2023-04-03,158,1,39,0.0,Low Risk
209751690,2023-04-04,157,1,39,0.04,High Risk
160676837,2023-04-05,156,1,39,0.01,Medium Risk
204274153,2023-04-05,156,1,39,0.01,Medium Risk
210138564,2023-04-06,155,1,39,0.02,Medium Risk
209072132,2023-04-07,154,1,39,0.02,Medium Risk
210388772,2023-04-07,154,1,39,0.02,Medium Risk
211220014,2023-04-08,153,1,39,0.0,Low Risk
121571816,2023-04-08,153,1,39,0.0,Low Risk
211216060,2023-04-08,153,1,39,0.0,Low Risk
211114276,2023-04-08,153,1,39,0.0,Low Risk
211381659,2023-04-09,152,1,39,0.0,Low Risk
183363812,2023-04-09,152,1,39,0.0,Low Risk
211289909,2023-04-09,152,1,39,0.0,Low Risk
211389716,2023-04-10,151,1,39,0.0,Low Risk
211636708,2023-04-10,151,1,39,0.0,Low Risk
176884824,2023-04-10,151,1,39,0.0,Low Risk
211352758,2023-04-10,151,1,39,0.0,Low Risk
210814163,2023-04-10,151,1,39,0.0,Low Risk
210893245,2023-04-10,151,1,39,0.0,Low Risk
130967112,2023-04-10,151,1,39,0.0,Low Risk
199116000,2023-04-10,151,1,39,0.0,Low Risk
211576047,2023-04-11,150,1,39,0.01,Medium Risk
211897884,2023-04-11,150,1,39,0.01,Medium Risk
211661733,2023-04-11,150,1,39,0.01,Medium Risk
211561665,2023-04-11,150,0,39,0.03,High Risk
154753462,2023-04-12,149,1,39,0.01,Medium Risk
212049757,2023-04-12,149,1,39,0.01,Medium Risk
147015210,2023-04-12,149,1,39,0.01,Medium Risk
212129575,2023-04-13,148,1,39,0.06,High Risk
209733088,2023-04-13,148,1,39,0.06,High Risk
209356278,2023-04-14,147,1,39,0.0,Low Risk
212604642,2023-04-14,147,1,39,0.0,Low Risk
210730447,2023-04-14,147,1,39,0.0,Low Risk
212388726,2023-04-14,147,0,39,0.01,Medium Risk
148369126,2023-04-15,146,1,39,0.03,High Risk
212042832,2023-04-17,144,1,39,0.03,High Risk
212113682,2023-04-17,144,1,39,0.03,High Risk
181175226,2023-04-17,144,1,39,0.03,High Risk
211907956,2023-04-18,143,1,39,0.0,Low Risk
212759443,2023-04-18,143,1,39,0.0,Low Risk
213182327,2023-04-18,143,1,39,0.0,Low Risk
213442067,2023-04-18,143,1,39,0.0,Low Risk
213427247,2023-04-18,143,1,39,0.0,Low Risk
213781045,2023-04-19,142,1,39,0.02,Medium Risk
211904660,2023-04-20,141,1,39,0.02,Medium Risk
112792926,2023-04-20,141,1,39,0.02,Medium Risk
213914942,2023-04-20,141,1,39,0.02,Medium Risk
214107134,2023-04-21,140,1,39,0.08,High Risk
214105034,2023-04-21,140,1,39,0.08,High Risk
214196608,2023-04-22,139,1,39,0.2,High Risk
214264465,2023-04-23,138,1,39,0.0,Low Risk
214261616,2023-04-23,138,1,39,0.0,Low Risk
214178644,2023-04-23,138,1,39,0.0,Low Risk
214220188,2023-04-24,137,1,39,0.0,Low Risk
212113435,2023-04-24,137,1,39,0.0,Low Risk
213431638,2023-04-24,137,1,39,0.0,Low Risk
214102994,2023-04-24,137,1,39,0.0,Low Risk
177266058,2023-04-24,137,1,39,0.0,Low Risk
116060198,2023-04-24,137,1,39,0.0,Low Risk
214312843,2023-04-24,137,1,39,0.0,Low Risk
214464069,2023-04-26,135,1,39,0.03,High Risk
214446543,2023-04-26,135,1,39,0.03,High Risk
214519787,2023-04-27,134,1,39,0.04,High Risk
213177724,2023-04-27,134,1,39,0.04,High Risk
214555461,2023-04-28,133,1,39,0.05,High Risk
148042512,2023-04-28,133,1,39,0.05,High Risk
214534717,2023-04-28,133,1,39,0.05,High Risk
156178486,2023-04-29,132,1,39,0.03,High Risk
181935574,2023-04-30,131,1,39,0.04,High Risk
214419772,2023-05-01,130,1,39,0.01,Medium Risk
213227787,2023-05-01,130,1,39,0.01,Medium Risk
214666572,2023-05-01,130,1,39,0.01,Medium Risk
157031617,2023-05-02,129,1,39,0.01,Medium Risk
211958379,2023-05-02,129,1,39,0.01,Medium Risk
152310842,2023-05-02,129,1,39,0.01,Medium Risk
214711907,2023-05-02,129,1,39,0.01,Medium Risk
214483378,2023-05-03,128,1,39,0.23,High Risk
157883110,2023-05-03,128,1,39,0.23,High Risk
148513036,2023-05-04,127,1,39,0.11,High Risk
157910445,2023-05-04,127,1,39,0.11,High Risk
214901781,2023-05-05,126,1,39,0.01,Medium Risk
214884589,2023-05-05,126,1,39,0.01,Medium Risk
210344586,2023-05-05,126,1,39,0.01,Medium Risk
214813191,2023-05-05,126,1,39,0.01,Medium Risk
214880602,2023-05-05,126,1,39,0.01,Medium Risk
207118054,2023-05-06,125,1,39,0.02,Medium Risk
214856586,2023-05-06,125,1,39,0.02,Medium Risk
134531651,2023-05-07,124,1,39,0.07,High Risk
204865394,2023-05-07,124,1,39,0.07,High Risk
158906669,2023-05-07,124,1,39,0.07,High Risk
157935884,2023-05-08,123,1,39,0.0,Low Risk
214945706,2023-05-08,123,1,39,0.0,Low Risk
214999374,2023-05-08,123,1,39,0.0,Low Risk
214986467,2023-05-08,123,1,39,0.0,Low Risk
214984741,2023-05-08,123,1,39,0.0,Low Risk
214993166,2023-05-08,123,1,39,0.0,Low Risk
203116697,2023-05-08,123,1,39,0.0,Low Risk
214906741,2023-05-08,123,1,39,0.0,Low Risk
214956352,2023-05-09,122,1,39,0.02,Medium Risk
196061402,2023-05-09,122,1,39,0.02,Medium Risk
215019022,2023-05-09,122,1,39,0.02,Medium Risk
185517087,2023-05-09,122,1,39,0.02,Medium Risk
147592201,2023-05-10,121,1,39,0.02,Medium Risk
192068317,2023-05-10,121,1,39,0.02,Medium Risk
214396083,2023-05-10,121,1,39,0.02,Medium Risk
135185873,2023-05-11,120,1,39,0.0,Low Risk
144898968,2023-05-11,120,1,39,0.0,Low Risk
214973231,2023-05-11,120,1,39,0.0,Low Risk
214971897,2023-05-11,120,1,39,0.0,Low Risk
133199506,2023-05-12,119,1,39,0.0,Low Risk
202763494,2023-05-12,119,1,39,0.0,Low Risk
215113205,2023-05-12,119,1,39,0.0,Low Risk
147097108,2023-05-12,119,1,39,0.0,Low Risk
186692270,2023-05-12,119,1,39,0.0,Low Risk
215169444,2023-05-12,119,1,39,0.0,Low Risk
215226464,2023-05-13,118,1,39,0.01,Medium Risk
215221354,2023-05-13,118,1,39,0.01,Medium Risk
215031638,2023-05-13,118,1,39,0.01,Medium Risk
182019861,2023-05-14,117,1,39,0.04,High Risk
210072231,2023-05-14,117,1,39,0.04,High Risk
215152504,2023-05-16,115,1,39,0.0,Low Risk
215336639,2023-05-16,115,1,39,0.0,Low Risk
215220026,2023-05-16,115,1,39,0.0,Low Risk
202395800,2023-05-16,115,1,39,0.0,Low Risk
123007965,2023-05-17,114,1,39,0.0,Low Risk
151711223,2023-05-17,114,1,39,0.0,Low Risk
130751382,2023-05-17,114,1,39,0.0,Low Risk
126037254,2023-05-17,114,1,39,0.0,Low Risk
133469770,2023-05-17,114,1,39,0.0,Low Risk
210361390,2023-05-18,113,1,39,0.02,Medium Risk
120738319,2023-05-18,113,1,39,0.02,Medium Risk
214122861,2023-05-18,113,1,39,0.02,Medium Risk
214793162,2023-05-18,113,1,39,0.02,Medium Risk
163193072,2023-05-19,112,1,39,0.09,High Risk
214967111,2023-05-20,111,1,39,0.13,High Risk
215486098,2023-05-21,110,1,39,0.02,Medium Risk
119436804,2023-05-21,110,1,39,0.02,Medium Risk
215678881,2023-05-22,109,1,39,0.0,Low Risk
212356610,2023-05-22,109,1,39,0.0,Low Risk
215336118,2023-05-22,109,1,39,0.0,Low Risk
215664306,2023-05-22,109,1,39,0.0,Low Risk
215643802,2023-05-22,109,1,39,0.0,Low Risk
215653406,2023-05-23,108,1,39,0.03,High Risk
215704655,2023-05-24,107,1,39,0.03,High Risk
215869320,2023-05-25,106,1,39,0.0,Low Risk
215616284,2023-05-25,106,1,39,0.0,Low Risk
215896078,2023-05-25,106,1,39,0.0,Low Risk
215910170,2023-05-25,106,1,39,0.0,Low Risk
215956542,2023-05-26,105,1,39,0.0,Low Risk
215947247,2023-05-26,105,1,39,0.0,Low Risk
122830574,2023-05-26,105,1,39,0.0,Low Risk
174991614,2023-05-27,104,1,39,0.09,High Risk
118197872,2023-05-27,104,1,39,0.09,High Risk
215906516,2023-05-27,104,1,39,0.09,High Risk
156245288,2023-05-28,103,1,39,0.0,Low Risk
211904765,2023-05-28,103,1,39,0.0,Low Risk
215832805,2023-05-28,103,1,39,0.0,Low Risk
156403612,2023-05-29,102,1,39,0.17,High Risk
216062001,2023-05-29,102,1,39,0.17,High Risk
216083936,2023-05-29,102,1,39,0.17,High Risk
147197398,2023-05-30,101,1,39,0.0,Low Risk
212051648,2023-05-30,101,1,39,0.0,Low Risk
216141502,2023-05-30,101,1,39,0.0,Low Risk
216136975,2023-05-30,101,1,39,0.0,Low Risk
213240907,2023-05-30,101,1,39,0.0,Low Risk
215488799,2023-05-31,100,1,39,0.0,Low Risk
216170130,2023-05-31,100,1,39,0.0,Low Risk
215723337,2023-05-31,100,1,39,0.0,Low Risk
148568942,2023-05-31,100,1,39,0.0,Low Risk
215102456,2023-05-31,100,1,39,0.0,Low Risk
216017581,2023-05-31,100,1,39,0.0,Low Risk
153438676,2023-05-31,100,1,39,0.0,Low Risk
213190132,2023-05-31,100,1,39,0.0,Low Risk
216340651,2023-06-01,99,1,39,0.03,High Risk
153573832,2023-06-01,99,1,39,0.03,High Risk
138312982,2023-06-01,99,1,39,0.03,High Risk
216365777,2023-06-01,99,1,39,0.03,High Risk
149986818,2023-06-02,98,1,39,0.11,High Risk
132579012,2023-06-02,98,1,39,0.11,High Risk
216533259,2023-06-03,97,1,39,0.02,Medium Risk
204953211,2023-06-03,97,1,39,0.02,Medium Risk
149112756,2023-06-03,97,1,39,0.02,Medium Risk
147798395,2023-06-04,96,1,39,0.24,High Risk
149040748,2023-06-05,95,1,39,0.0,Low Risk
206939746,2023-06-05,95,1,39,0.0,Low Risk
216845223,2023-06-05,95,1,39,0.0,Low Risk
216957502,2023-06-06,94,1,39,0.0,Low Risk
215840282,2023-06-06,94,1,39,0.0,Low Risk
216311456,2023-06-06,94,1,39,0.0,Low Risk
155088727,2023-06-06,94,1,39,0.0,Low Risk
217067696,2023-06-07,93,1,39,0.0,Low Risk
217012406,2023-06-07,93,1,39,0.0,Low Risk
216345770,2023-06-07,93,1,39,0.0,Low Risk
215654770,2023-06-07,93,1,39,0.0,Low Risk
217044528,2023-06-07,93,1,39,0.0,Low Risk
217031352,2023-06-07,93,1,39,0.0,Low Risk
146450388,2023-06-07,93,1,39,0.0,Low Risk
217054126,2023-06-08,92,1,39,0.02,Medium Risk
206001231,2023-06-08,92,1,39,0.02,Medium Risk
216925136,2023-06-08,92,1,39,0.02,Medium Risk
174646924,2023-06-09,91,1,39,0.05,High Risk
217123644,2023-06-09,91,1,39,0.05,High Risk
217104490,2023-06-09,91,1,39,0.05,High Risk
153349708,2023-06-09,91,1,39,0.05,High Risk
217215106,2023-06-11,89,1,39,0.2,High Risk
217277033,2023-06-12,88,1,39,0.0,Low Risk
136199071,2023-06-12,88,1,39,0.0,Low Risk
217102618,2023-06-12,88,1,39,0.0,Low Risk
217252136,2023-06-12,88,1,39,0.0,Low Risk
215856743,2023-06-12,88,1,39,0.0,Low Risk
214510838,2023-06-13,87,1,39,0.0,Low Risk
217241338,2023-06-13,87,1,39,0.0,Low Risk
215447681,2023-06-13,87,1,39,0.0,Low Risk
214746385,2023-06-13,87,1,39,0.0,Low Risk
217279595,2023-06-13,87,1,39,0.0,Low Risk
217276264,2023-06-14,86,1,39,0.02,Medium Risk
217242854,2023-06-14,86,1,39,0.02,Medium Risk
216945894,2023-06-15,85,1,39,0.0,Low Risk
150178354,2023-06-15,85,1,39,0.0,Low Risk
153942818,2023-06-15,85,1,39,0.0,Low Risk
150728848,2023-06-15,85,1,39,0.0,Low Risk
138725699,2023-06-15,85,1,39,0.0,Low Risk
217207926,2023-06-15,85,1,39,0.0,Low Risk
217370233,2023-06-15,85,1,39,0.0,Low Risk
217454204,2023-06-16,84,1,39,0.0,Low Risk
206049284,2023-06-16,84,1,39,0.0,Low Risk
132852439,2023-06-16,84,1,39,0.0,Low Risk
217233198,2023-06-16,84,1,39,0.0,Low Risk
205785520,2023-06-17,83,1,39,0.04,High Risk
217498202,2023-06-18,82,1,39,0.0,Low Risk
217234603,2023-06-18,82,1,39,0.0,Low Risk
217264148,2023-06-18,82,1,39,0.0,Low Risk
217513366,2023-06-18,82,1,39,0.0,Low Risk
217503737,2023-06-18,82,1,39,0.0,Low Risk
151540809,2023-06-18,82,1,39,0.0,Low Risk
217426015,2023-06-19,81,1,39,0.0,Low Risk
217557584,2023-06-19,81,1,39,0.0,Low Risk
217406489,2023-06-19,81,1,39,0.0,Low Risk
217536534,2023-06-19,81,1,39,0.0,Low Risk
217557082,2023-06-19,81,1,39,0.0,Low Risk
217612796,2023-06-20,80,1,39,0.0,Low Risk
217601263,2023-06-20,80,1,39,0.0,Low Risk
217594148,2023-06-20,80,1,39,0.0,Low Risk
217598396,2023-06-20,80,1,39,0.0,Low Risk
206647130,2023-06-20,80,1,39,0.0,Low Risk
207099222,2023-06-20,80,1,39,0.0,Low Risk
207079318,2023-06-20,80,1,39,0.0,Low Risk
217580362,2023-06-20,80,1,39,0.0,Low Risk
217438678,2023-06-20,80,1,39,0.0,Low Risk
217533118,2023-06-21,79,1,39,0.0,Low Risk
205128906,2023-06-21,79,1,39,0.0,Low Risk
205812132,2023-06-21,79,1,39,0.0,Low Risk
216907554,2023-06-21,79,1,39,0.0,Low Risk
215113542,2023-06-21,79,1,39,0.0,Low Risk
204772797,2023-06-21,79,1,39,0.0,Low Risk
217627630,2023-06-21,79,1,39,0.0,Low Risk
217635272,2023-06-21,79,1,39,0.0,Low Risk
202563999,2023-06-22,78,1,39,0.02,Medium Risk
137195650,2023-06-22,78,1,39,0.02,Medium Risk
138372112,2023-06-22,78,1,39,0.02,Medium Risk
217692419,2023-06-22,78,1,39,0.02,Medium Risk
217610905,2023-06-22,78,1,39,0.02,Medium Risk
217618558,2023-06-22,78,1,39,0.02,Medium Risk
190490555,2023-06-22,78,1,39,0.02,Medium Risk
205548571,2023-06-23,77,1,39,0.0,Low Risk
188085249,2023-06-23,77,1,39,0.0,Low Risk
206697535,2023-06-23,77,1,39,0.0,Low Risk
152705871,2023-06-23,77,1,39,0.0,Low Risk
216139584,2023-06-23,77,1,39,0.0,Low Risk
127716285,2023-06-23,77,1,39,0.0,Low Risk
217763600,2023-06-24,76,1,39,0.06,High Risk
217718093,2023-06-25,75,1,39,0.07,High Risk
217555660,2023-06-25,75,1,39,0.07,High Risk
154535908,2023-06-25,75,1,39,0.07,High Risk
147765298,2023-06-26,74,1,39,0.0,Low Risk
217901196,2023-06-26,74,1,39,0.0,Low Risk
217266939,2023-06-26,74,1,39,0.0,Low Risk
204908076,2023-06-26,74,1,39,0.0,Low Risk
217698784,2023-06-26,74,1,39,0.0,Low Risk
217909024,2023-06-26,74,1,39,0.0,Low Risk
201498671,2023-06-26,74,1,39,0.0,Low Risk
217902650,2023-06-26,74,1,39,0.0,Low Risk
217896282,2023-06-26,74,1,39,0.0,Low Risk
217337901,2023-06-26,74,1,39,0.0,Low Risk
217477535,2023-06-26,74,1,39,0.0,Low Risk
217885621,2023-06-26,74,1,39,0.0,Low Risk
217714764,2023-06-26,74,1,39,0.0,Low Risk
217965791,2023-06-27,73,1,39,0.0,Low Risk
217851124,2023-06-27,73,1,39,0.0,Low Risk
217861903,2023-06-27,73,1,39,0.0,Low Risk
217660423,2023-06-27,73,1,39,0.0,Low Risk
217814342,2023-06-27,73,1,39,0.0,Low Risk
218004764,2023-06-28,72,1,39,0.0,Low Risk
217768772,2023-06-28,72,1,39,0.0,Low Risk
216775344,2023-06-28,72,1,39,0.0,Low Risk
135364787,2023-06-28,72,1,39,0.0,Low Risk
217819772,2023-06-29,71,1,39,0.01,Medium Risk
217996629,2023-06-29,71,1,39,0.01,Medium Risk
152621756,2023-06-29,71,1,39,0.01,Medium Risk
218006807,2023-06-29,71,1,39,0.01,Medium Risk
218088770,2023-06-30,70,1,39,0.0,Low Risk
217856893,2023-06-30,70,1,39,0.0,Low Risk
156054912,2023-06-30,70,1,39,0.0,Low Risk
218059054,2023-06-30,70,1,39,0.0,Low Risk
218074245,2023-06-30,70,1,39,0.0,Low Risk
204774586,2023-06-30,70,1,39,0.0,Low Risk
215941440,2023-06-30,70,1,39,0.0,Low Risk
205547323,2023-06-30,70,0,39,0.13,High Risk
140062581,2023-06-30,70,1,39,0.0,Low Risk
217942738,2023-07-01,69,1,39,0.02,Medium Risk
218133628,2023-07-01,69,1,39,0.02,Medium Risk
118508852,2023-07-01,69,1,39,0.02,Medium Risk
218120267,2023-07-01,69,1,39,0.02,Medium Risk
218095541,2023-07-01,69,1,39,0.02,Medium Risk
217626801,2023-07-01,69,1,39,0.02,Medium Risk
218164848,2023-07-02,68,1,39,0.06,High Risk
217526484,2023-07-02,68,1,39,0.06,High Risk
214940948,2023-07-02,68,1,39,0.06,High Risk
218144586,2023-07-02,68,1,39,0.06,High Risk
218202086,2023-07-03,67,1,39,0.01,Medium Risk
217927897,2023-07-03,67,1,39,0.01,Medium Risk
217856402,2023-07-03,67,1,39,0.01,Medium Risk
217588559,2023-07-03,67,1,39,0.01,Medium Risk
212136438,2023-07-03,67,1,39,0.01,Medium Risk
138548670,2023-07-03,67,1,39,0.01,Medium Risk
150436862,2023-07-04,66,1,39,0.0,Low Risk
218211840,2023-07-04,66,1,39,0.0,Low Risk
218235209,2023-07-04,66,1,39,0.0,Low Risk
132631414,2023-07-04,66,1,39,0.0,Low Risk
218254260,2023-07-04,66,1,39,0.0,Low Risk
218095604,2023-07-04,66,1,39,0.0,Low Risk
218307564,2023-07-05,65,1,39,0.101,High Risk
150521180,2023-07-05,65,1,39,0.101,High Risk
135240372,2023-07-05,65,1,39,0.101,High Risk
218275834,2023-07-05,65,1,39,0.101,High Risk
218028076,2023-07-05,65,1,39,0.101,High Risk
164254865,2023-07-05,65,1,39,0.101,High Risk
202151053,2023-07-06,64,1,39,0.0,Low Risk
112301350,2023-07-06,64,1,39,0.0,Low Risk
218300918,2023-07-06,64,1,39,0.0,Low Risk
205452800,2023-07-06,64,1,39,0.0,Low Risk
218278300,2023-07-06,64,1,39,0.0,Low Risk
216920844,2023-07-06,64,1,39,0.0,Low Risk
218133430,2023-07-07,63,1,39,0.044,High Risk
147813476,2023-07-07,63,1,39,0.044,High Risk
218375754,2023-07-07,63,1,39,0.044,High Risk
216000482,2023-07-07,63,1,39,0.044,High Risk
161549477,2023-07-07,63,1,39,0.044,High Risk
197752733,2023-07-08,62,1,39,0.0,Low Risk
175884318,2023-07-08,62,1,39,0.0,Low Risk
218413958,2023-07-08,62,1,39,0.0,Low Risk
218434925,2023-07-08,62,1,39,0.0,Low Risk
156817946,2023-07-08,62,1,39,0.0,Low Risk
218427268,2023-07-08,62,1,39,0.0,Low Risk
208492287,2023-07-08,62,1,39,0.0,Low Risk
122616074,2023-07-09,61,1,39,0.0,Low Risk
218367490,2023-07-09,61,1,39,0.0,Low Risk
218415420,2023-07-09,61,1,39,0.0,Low Risk
135785962,2023-07-09,61,1,39,0.0,Low Risk
216886336,2023-07-10,60,1,39,0.02,Medium Risk
217991032,2023-07-10,60,1,39,0.02,Medium Risk
145797162,2023-07-10,60,1,39,0.02,Medium Risk
217581606,2023-07-10,60,1,39,0.02,Medium Risk
215311765,2023-07-11,59,1,39,0.0,Low Risk
218554220,2023-07-11,59,1,39,0.0,Low Risk
209743418,2023-07-11,59,1,39,0.0,Low Risk
218553244,2023-07-11,59,1,39,0.0,Low Risk
218548492,2023-07-11,59,1,39,0.0,Low Risk
217958138,2023-07-11,59,1,39,0.0,Low Risk
218365623,2023-07-11,59,1,39,0.0,Low Risk
218512642,2023-07-11,59,1,39,0.0,Low Risk
218526607,2023-07-12,58,1,39,0.0,Low Risk
211011508,2023-07-12,58,1,39,0.0,Low Risk
218610100,2023-07-12,58,1,39,0.0,Low Risk
206055148,2023-07-12,58,1,39,0.0,Low Risk
150509877,2023-07-12,58,1,39,0.0,Low Risk
218498112,2023-07-12,58,1,39,0.0,Low Risk
218257588,2023-07-13,57,1,39,0.01,Medium Risk
218114325,2023-07-13,57,1,39,0.01,Medium Risk
218325441,2023-07-13,57,1,39,0.01,Medium Risk
218235047,2023-07-13,57,1,39,0.01,Medium Risk
218598866,2023-07-13,57,1,39,0.01,Medium Risk
218694806,2023-07-14,56,1,39,0.281,High Risk
218678174,2023-07-14,56,1,39,0.281,High Risk
121814098,2023-07-15,55,1,39,0.001,Medium Risk
215605718,2023-07-15,55,1,39,0.001,Medium Risk
218325705,2023-07-15,55,1,39,0.001,Medium Risk
208598253,2023-07-15,55,1,39,0.001,Medium Risk
218655628,2023-07-15,55,1,39,0.001,Medium Risk
218792880,2023-07-16,54,1,39,0.0,Low Risk
218761808,2023-07-16,54,1,39,0.0,Low Risk
149303812,2023-07-16,54,1,39,0.0,Low Risk
216144261,2023-07-16,54,1,39,0.0,Low Risk
215976742,2023-07-16,54,1,39,0.0,Low Risk
218846909,2023-07-17,53,1,39,0.01,Medium Risk
214714278,2023-07-17,53,1,39,0.01,Medium Risk
218529158,2023-07-17,53,1,39,0.01,Medium Risk
218837719,2023-07-17,53,1,39,0.01,Medium Risk
194367477,2023-07-17,53,1,39,0.01,Medium Risk
218300066,2023-07-17,53,1,39,0.01,Medium Risk
218553583,2023-07-17,53,1,39,0.01,Medium Risk
218844240,2023-07-18,52,1,39,0.0,Low Risk
218863419,2023-07-18,52,1,39,0.0,Low Risk
218445704,2023-07-18,52,1,39,0.0,Low Risk
149411976,2023-07-18,52,1,39,0.0,Low Risk
218862674,2023-07-18,52,1,39,0.0,Low Risk
218851122,2023-07-18,52,1,39,0.0,Low Risk
218935022,2023-07-19,51,1,39,0.0,Low Risk
218925198,2023-07-19,51,1,39,0.0,Low Risk
218927120,2023-07-19,51,1,39,0.0,Low Risk
218930176,2023-07-19,51,1,39,0.0,Low Risk
216185482,2023-07-19,51,1,39,0.0,Low Risk
218814342,2023-07-19,51,1,39,0.0,Low Risk
218764310,2023-07-19,51,1,39,0.0,Low Risk
218814328,2023-07-19,51,1,39,0.0,Low Risk
149144586,2023-07-19,51,1,39,0.0,Low Risk
217635511,2023-07-19,51,1,39,0.0,Low Risk
214943384,2023-07-20,50,1,39,0.0,Low Risk
147832373,2023-07-20,50,1,39,0.0,Low Risk
204362311,2023-07-20,50,1,39,0.0,Low Risk
217137211,2023-07-20,50,1,39,0.0,Low Risk
218942852,2023-07-20,50,1,39,0.0,Low Risk
218281726,2023-07-21,49,1,39,0.07,High Risk
144972422,2023-07-21,49,1,39,0.07,High Risk
219017513,2023-07-21,49,1,39,0.07,High Risk
218096762,2023-07-21,49,1,39,0.07,High Risk
134289850,2023-07-21,49,1,39,0.07,High Risk
219045318,2023-07-22,48,1,39,0.06,High Risk
218428977,2023-07-22,48,1,39,0.06,High Risk
206121650,2023-07-23,47,1,39,0.04,High Risk
219059958,2023-07-23,47,1,39,0.04,High Risk
143627373,2023-07-24,46,1,39,0.0,Low Risk
218675428,2023-07-24,46,1,39,0.0,Low Risk
219057820,2023-07-24,46,1,39,0.0,Low Risk
219115854,2023-07-24,46,1,39,0.0,Low Risk
204826054,2023-07-24,46,1,39,0.0,Low Risk
219072554,2023-07-24,46,1,39,0.0,Low Risk
219088631,2023-07-24,46,1,39,0.0,Low Risk
219128709,2023-07-25,45,1,39,0.0,Low Risk
217998036,2023-07-25,45,1,39,0.0,Low Risk
219100886,2023-07-25,45,1,39,0.0,Low Risk
214586480,2023-07-25,45,1,39,0.0,Low Risk
219110064,2023-07-25,45,1,39,0.0,Low Risk
157374056,2023-07-25,45,1,39,0.0,Low Risk
219058076,2023-07-25,45,1,39,0.0,Low Risk
218011483,2023-07-25,45,1,39,0.0,Low Risk
216543186,2023-07-25,45,1,39,0.0,Low Risk
151239214,2023-07-25,45,1,39,0.0,Low Risk
219153922,2023-07-26,44,1,39,0.0,Low Risk
165529460,2023-07-26,44,1,39,0.0,Low Risk
218715792,2023-07-26,44,1,39,0.0,Low Risk
218985028,2023-07-26,44,1,39,0.0,Low Risk
218986352,2023-07-26,44,1,39,0.0,Low Risk
219224963,2023-07-27,43,1,39,0.0,Low Risk
219172302,2023-07-27,43,1,39,0.0,Low Risk
219244336,2023-07-27,43,1,39,0.0,Low Risk
150342446,2023-07-27,43,1,39,0.0,Low Risk
210432172,2023-07-27,43,1,39,0.0,Low Risk
145614180,2023-07-27,43,1,39,0.0,Low Risk
218318466,2023-07-27,43,1,39,0.0,Low Risk
131984682,2023-07-27,43,1,39,0.0,Low Risk
219301778,2023-07-28,42,1,39,0.01,Medium Risk
153004062,2023-07-28,42,1,39,0.01,Medium Risk
151015350,2023-07-28,42,1,39,0.01,Medium Risk
147696294,2023-07-28,42,1,39,0.01,Medium Risk
218255956,2023-07-28,42,1,39,0.01,Medium Risk
218510841,2023-07-28,42,1,39,0.01,Medium Risk
130864124,2023-07-28,42,1,39,0.01,Medium Risk
219194059,2023-07-28,42,1,39,0.01,Medium Risk
219254134,2023-07-28,42,1,39,0.01,Medium Risk
215881016,2023-07-28,42,1,39,0.01,Medium Risk
217361520,2023-07-28,42,1,39,0.01,Medium Risk
219265654,2023-07-28,42,1,39,0.01,Medium Risk
219307145,2023-07-29,41,1,39,0.51,High Risk
125038257,2023-07-30,40,1,39,0.26,High Risk
217813451,2023-07-30,40,1,39,0.26,High Risk
219404710,2023-07-31,39,1,39,0.0,Low Risk
219402896,2023-07-31,39,1,39,0.0,Low Risk
214129448,2023-07-31,39,1,39,0.0,Low Risk
219218929,2023-07-31,39,1,39,0.0,Low Risk
219385880,2023-07-31,39,1,39,0.0,Low Risk
219368039,2023-07-31,39,1,39,0.0,Low Risk
219328313,2023-07-31,39,1,39,0.0,Low Risk
217624207,2023-08-01,38,1,39,0.0,Low Risk
218938921,2023-08-01,38,1,39,0.0,Low Risk
147145693,2023-08-01,38,1,39,0.0,Low Risk
218459038,2023-08-01,38,1,39,0.0,Low Risk
219395734,2023-08-01,38,1,39,0.0,Low Risk
219413956,2023-08-01,38,1,39,0.0,Low Risk
208762353,2023-08-02,37,1,39,0.0,Low Risk
218346336,2023-08-02,37,1,39,0.0,Low Risk
219226230,2023-08-02,37,1,39,0.0,Low Risk
219369515,2023-08-02,37,1,39,0.0,Low Risk
204947361,2023-08-02,37,1,39,0.0,Low Risk
212977568,2023-08-02,37,1,39,0.0,Low Risk
217981717,2023-08-02,37,1,39,0.0,Low Risk
219459089,2023-08-02,37,1,39,0.0,Low Risk
193483420,2023-08-02,37,1,39,0.0,Low Risk
219512722,2023-08-03,36,1,39,0.0,Low Risk
199393176,2023-08-03,36,1,39,0.0,Low Risk
217368686,2023-08-03,36,1,39,0.0,Low Risk
218247056,2023-08-03,36,1,39,0.0,Low Risk
219439239,2023-08-03,36,1,39,0.0,Low Risk
188206991,2023-08-03,36,1,39,0.0,Low Risk
206470657,2023-08-03,36,1,39,0.0,Low Risk
218706730,2023-08-03,36,1,39,0.0,Low Risk
219512680,2023-08-03,36,1,39,0.0,Low Risk
125335731,2023-08-03,36,1,39,0.0,Low Risk
160598122,2023-08-03,36,1,39,0.0,Low Risk
218414156,2023-08-03,36,1,39,0.0,Low Risk
219491158,2023-08-04,35,1,39,0.0,Low Risk
218790626,2023-08-04,35,1,39,0.0,Low Risk
219476808,2023-08-04,35,1,39,0.0,Low Risk
218585706,2023-08-04,35,1,39,0.0,Low Risk
219316901,2023-08-04,35,1,39,0.0,Low Risk
217724278,2023-08-04,35,1,39,0.0,Low Risk
155869412,2023-08-04,35,1,39,0.0,Low Risk
164535832,2023-08-04,35,1,39,0.0,Low Risk
219388064,2023-08-04,35,1,39,0.0,Low Risk
219603078,2023-08-05,34,1,39,0.03,High Risk
219146842,2023-08-05,34,1,39,0.03,High Risk
206676416,2023-08-05,34,1,39,0.03,High Risk
219615770,2023-08-05,34,1,39,0.03,High Risk
219630379,2023-08-06,33,1,39,0.0,Low Risk
145096572,2023-08-06,33,1,39,0.0,Low Risk
144005898,2023-08-06,33,1,39,0.0,Low Risk
215189020,2023-08-06,33,1,39,0.0,Low Risk
219668475,2023-08-07,32,1,39,0.06,High Risk
219495361,2023-08-07,32,1,39,0.06,High Risk
219672587,2023-08-07,32,1,39,0.06,High Risk
139353407,2023-08-08,31,1,39,0.0,Low Risk
219734945,2023-08-08,31,1,39,0.0,Low Risk
219735949,2023-08-08,31,1,39,0.0,Low Risk
219688361,2023-08-08,31,1,39,0.0,Low Risk
219447968,2023-08-08,31,1,39,0.0,Low Risk
219583682,2023-08-08,31,1,39,0.0,Low Risk
217638566,2023-08-08,31,1,39,0.0,Low Risk
219716268,2023-08-08,31,1,39,0.0,Low Risk
219713718,2023-08-08,31,1,39,0.0,Low Risk
219707178,2023-08-08,31,1,39,0.0,Low Risk
160883429,2023-08-09,30,1,39,0.0,Low Risk
218556897,2023-08-09,30,1,39,0.0,Low Risk
219779586,2023-08-09,30,1,39,0.0,Low Risk
219437804,2023-08-09,30,1,39,0.0,Low Risk
206402783,2023-08-09,30,1,39,0.0,Low Risk
178419414,2023-08-09,30,1,39,0.0,Low Risk
219719416,2023-08-09,30,1,39,0.0,Low Risk
156558244,2023-08-09,30,1,39,0.0,Low Risk
219734107,2023-08-10,29,1,39,0.01,Medium Risk
219836911,2023-08-10,29,1,39,0.01,Medium Risk
215179190,2023-08-10,29,1,39,0.01,Medium Risk
219817702,2023-08-10,29,1,39,0.01,Medium Risk
219891350,2023-08-11,28,1,39,0.03,High Risk
205210815,2023-08-11,28,1,39,0.03,High Risk
219744473,2023-08-11,28,1,39,0.03,High Risk
219851822,2023-08-11,28,1,39,0.03,High Risk
158093021,2023-08-12,27,1,39,0.25,High Risk
188347490,2023-08-13,26,1,39,0.02,Medium Risk
219947831,2023-08-13,26,1,39,0.02,Medium Risk
214775412,2023-08-13,26,1,39,0.02,Medium Risk
134753801,2023-08-13,26,1,39,0.02,Medium Risk
182584521,2023-08-13,26,1,39,0.02,Medium Risk
219955434,2023-08-13,26,1,39,0.02,Medium Risk
219951440,2023-08-13,26,1,39,0.02,Medium Risk
191034251,2023-08-14,25,1,39,0.0,Low Risk
220023196,2023-08-14,25,1,39,0.0,Low Risk
220028812,2023-08-14,25,1,39,0.0,Low Risk
195988242,2023-08-14,25,1,39,0.0,Low Risk
151633468,2023-08-14,25,1,39,0.0,Low Risk
220012044,2023-08-14,25,1,39,0.0,Low Risk
219981231,2023-08-14,25,1,39,0.0,Low Risk
169692209,2023-08-14,25,1,39,0.0,Low Risk
116156335,2023-08-14,25,1,39,0.0,Low Risk
153393340,2023-08-14,25,1,39,0.0,Low Risk
219974920,2023-08-14,25,1,39,0.0,Low Risk
219690296,2023-08-15,24,1,39,0.04,High Risk
187268085,2023-08-15,24,1,39,0.04,High Risk
150623785,2023-08-15,24,1,39,0.04,High Risk
208188866,2023-08-16,23,1,39,0.0,Low Risk
219081046,2023-08-16,23,1,39,0.0,Low Risk
219569143,2023-08-16,23,1,39,0.0,Low Risk
219653068,2023-08-16,23,1,39,0.0,Low Risk
220120740,2023-08-16,23,1,39,0.0,Low Risk
186200901,2023-08-16,23,1,39,0.0,Low Risk
220116966,2023-08-16,23,1,39,0.0,Low Risk
219876215,2023-08-16,23,1,39,0.0,Low Risk
219996796,2023-08-16,23,1,39,0.0,Low Risk
218296652,2023-08-16,23,1,39,0.0,Low Risk
188748372,2023-08-16,23,1,39,0.0,Low Risk
220080560,2023-08-16,23,1,39,0.0,Low Risk
219899496,2023-08-17,22,1,39,0.0,Low Risk
219000322,2023-08-17,22,1,39,0.0,Low Risk
220181992,2023-08-17,22,1,39,0.0,Low Risk
220196419,2023-08-17,22,1,39,0.0,Low Risk
220155197,2023-08-17,22,1,39,0.0,Low Risk
220144619,2023-08-17,22,1,39,0.0,Low Risk
220184550,2023-08-17,22,1,39,0.0,Low Risk
152209352,2023-08-17,22,1,39,0.0,Low Risk
146952862,2023-08-17,22,1,39,0.0,Low Risk
220178530,2023-08-17,22,1,39,0.0,Low Risk
219498470,2023-08-17,22,1,39,0.0,Low Risk
216622895,2023-08-17,22,1,39,0.0,Low Risk
220171290,2023-08-18,21,1,39,0.0,Low Risk
219553060,2023-08-18,21,1,39,0.0,Low Risk
220244827,2023-08-18,21,1,39,0.0,Low Risk
219612883,2023-08-18,21,1,39,0.0,Low Risk
217914279,2023-08-18,21,1,39,0.0,Low Risk
220171851,2023-08-18,21,1,39,0.0,Low Risk
217543308,2023-08-18,21,1,39,0.0,Low Risk
202103959,2023-08-19,20,1,39,0.0,Low Risk
218757796,2023-08-19,20,1,39,0.0,Low Risk
220272556,2023-08-19,20,1,39,0.0,Low Risk
219493644,2023-08-19,20,1,39,0.0,Low Risk
148996798,2023-08-19,20,1,39,0.0,Low Risk
218947678,2023-08-19,20,1,39,0.0,Low Risk
119465934,2023-08-19,20,1,39,0.0,Low Risk
219195061,2023-08-19,20,1,39,0.0,Low Risk
218878930,2023-08-20,19,1,39,0.01,Medium Risk
134622358,2023-08-20,19,1,39,0.01,Medium Risk
219237524,2023-08-20,19,1,39,0.01,Medium Risk
147320092,2023-08-20,19,1,39,0.01,Medium Risk
219953886,2023-08-20,19,1,39,0.01,Medium Risk
205274562,2023-08-21,18,1,39,0.0,Low Risk
152698255,2023-08-21,18,1,39,0.0,Low Risk
209361492,2023-08-21,18,1,39,0.0,Low Risk
205530810,2023-08-21,18,1,39,0.0,Low Risk
220343801,2023-08-21,18,1,39,0.0,Low Risk
150441222,2023-08-21,18,1,39,0.0,Low Risk
214640803,2023-08-21,18,1,39,0.0,Low Risk
219569853,2023-08-21,18,1,39,0.0,Low Risk
220197494,2023-08-21,18,1,39,0.0,Low Risk
220323698,2023-08-21,18,1,39,0.0,Low Risk
220414820,2023-08-22,17,1,39,0.0,Low Risk
214682826,2023-08-22,17,1,39,0.0,Low Risk
206147500,2023-08-22,17,1,39,0.0,Low Risk
220402308,2023-08-22,17,1,39,0.0,Low Risk
220205806,2023-08-22,17,1,39,0.0,Low Risk
152792045,2023-08-22,17,1,39,0.0,Low Risk
220381016,2023-08-22,17,1,39,0.0,Low Risk
220385078,2023-08-22,17,1,39,0.0,Low Risk
220414853,2023-08-22,17,1,39,0.0,Low Risk
220366524,2023-08-22,17,1,39,0.0,Low Risk
192182455,2023-08-23,16,1,39,0.0,Low Risk
219439597,2023-08-23,16,1,39,0.0,Low Risk
219576812,2023-08-23,16,1,39,0.0,Low Risk
143111905,2023-08-23,16,1,39,0.0,Low Risk
123297208,2023-08-23,16,1,39,0.0,Low Risk
213194584,2023-08-23,16,1,39,0.0,Low Risk
220455205,2023-08-23,16,1,39,0.0,Low Risk
220425056,2023-08-23,16,1,39,0.0,Low Risk
219685108,2023-08-23,16,1,39,0.0,Low Risk
220531090,2023-08-24,15,1,39,0.0,Low Risk
220510482,2023-08-24,15,1,39,0.0,Low Risk
149856123,2023-08-24,15,1,39,0.0,Low Risk
217506938,2023-08-24,15,1,39,0.0,Low Risk
189403535,2023-08-24,15,1,39,0.0,Low Risk
164903790,2023-08-25,14,1,39,0.0,Low Risk
220371835,2023-08-25,14,1,39,0.0,Low Risk
125932988,2023-08-25,14,1,39,0.0,Low Risk
214924190,2023-08-25,14,1,39,0.0,Low Risk
117300170,2023-08-25,14,1,39,0.0,Low Risk
162913792,2023-08-25,14,1,39,0.0,Low Risk
220551506,2023-08-25,14,1,39,0.0,Low Risk
161187523,2023-08-25,14,1,39,0.0,Low Risk
220589305,2023-08-26,13,1,39,0.02,Medium Risk
220496139,2023-08-26,13,1,39,0.02,Medium Risk
219211334,2023-08-26,13,1,39,0.02,Medium Risk
220582817,2023-08-26,13,1,39,0.02,Medium Risk
219294264,2023-08-27,12,1,39,0.05,High Risk
220617197,2023-08-27,12,1,39,0.05,High Risk
220227691,2023-08-27,12,1,39,0.05,High Risk
220672607,2023-08-28,11,1,39,0.0,Low Risk
218608353,2023-08-28,11,1,39,0.0,Low Risk
135128238,2023-08-28,11,1,39,0.0,Low Risk
220285147,2023-08-28,11,1,39,0.0,Low Risk
218645057,2023-08-28,11,1,39,0.0,Low Risk
220747618,2023-08-29,10,1,39,0.0,Low Risk
207386830,2023-08-29,10,1,39,0.0,Low Risk
205109812,2023-08-29,10,1,39,0.0,Low Risk
132318451,2023-08-29,10,1,39,0.0,Low Risk
218596318,2023-08-29,10,1,39,0.0,Low Risk
220699520,2023-08-29,10,1,39,0.0,Low Risk
218307579,2023-08-29,10,1,39,0.0,Low Risk
218514844,2023-08-30,9,1,39,0.0,Low Risk
188622328,2023-08-30,9,1,39,0.0,Low Risk
220790640,2023-08-30,9,1,39,0.0,Low Risk
220675005,2023-08-30,9,1,39,0.0,Low Risk
142757196,2023-08-30,9,1,39,0.0,Low Risk
220411940,2023-08-30,9,1,39,0.0,Low Risk
155613371,2023-08-30,9,1,39,0.0,Low Risk
164548755,2023-08-30,9,1,39,0.0,Low Risk
220546810,2023-08-30,9,1,39,0.0,Low Risk
135092264,2023-08-31,8,1,39,0.0,Low Risk
220854418,2023-08-31,8,1,39,0.0,Low Risk
220851140,2023-08-31,8,1,39,0.0,Low Risk
220843911,2023-08-31,8,1,39,0.0,Low Risk
216137022,2023-08-31,8,1,39,0.0,Low Risk
161151062,2023-08-31,8,1,39,0.0,Low Risk
148085880,2023-08-31,8,1,39,0.0,Low Risk
182061738,2023-09-01,7,1,39,0.0,Low Risk
220860582,2023-09-01,7,1,39,0.0,Low Risk
218315334,2023-09-01,7,1,39,0.0,Low Risk
217246008,2023-09-01,7,1,39,0.0,Low Risk
220835326,2023-09-01,7,1,39,0.0,Low Risk
219470485,2023-09-01,7,1,39,0.0,Low Risk
182153913,2023-09-02,6,1,39,0.0,Low Risk
217223132,2023-09-02,6,1,39,0.0,Low Risk
219643599,2023-09-02,6,1,39,0.0,Low Risk
152851458,2023-09-02,6,1,39,0.0,Low Risk
219657672,2023-09-02,6,1,39,0.0,Low Risk
220973656,2023-09-03,5,1,39,0.0,Low Risk
159717680,2023-09-03,5,1,39,0.0,Low Risk
220420126,2023-09-03,5,1,39,0.0,Low Risk
220965750,2023-09-03,5,1,39,0.0,Low Risk
219065931,2023-09-03,5,1,39,0.0,Low Risk
220707034,2023-09-03,5,1,39,0.0,Low Risk
220875396,2023-09-03,5,1,39,0.0,Low Risk
220997288,2023-09-04,4,1,39,0.0,Low Risk
218617631,2023-09-04,4,1,39,0.0,Low Risk
220952702,2023-09-04,4,1,39,0.0,Low Risk
156460574,2023-09-04,4,1,39,0.0,Low Risk
221012872,2023-09-04,4,1,39,0.0,Low Risk
220845656,2023-09-04,4,1,39,0.0,Low Risk
220989516,2023-09-04,4,1,39,0.0,Low Risk
135317128,2023-09-04,4,1,39,0.0,Low Risk
220984730,2023-09-04,4,1,39,0.0,Low Risk
220984628,2023-09-04,4,1,39,0.0,Low Risk
220989226,2023-09-04,4,1,39,0.0,Low Risk
220988969,2023-09-04,4,1,39,0.0,Low Risk
220988022,2023-09-04,4,1,39,0.0,Low Risk
220984390,2023-09-04,4,1,39,0.0,Low Risk
181480437,2023-09-04,4,1,39,0.0,Low Risk
125219153,2023-09-05,3,1,39,0.0,Low Risk
160833652,2023-09-05,3,1,39,0.0,Low Risk
221073196,2023-09-05,3,1,39,0.0,Low Risk
153733292,2023-09-05,3,1,39,0.0,Low Risk
152692003,2023-09-05,3,1,39,0.0,Low Risk
220528931,2023-09-05,3,1,39,0.0,Low Risk
221052611,2023-09-05,3,1,39,0.0,Low Risk
220665801,2023-09-05,3,1,39,0.0,Low Risk
221028388,2023-09-05,3,1,39,0.0,Low Risk
206284545,2023-09-05,3,1,39,0.0,Low Risk
178531928,2023-09-05,3,1,39,0.0,Low Risk
220994271,2023-09-05,3,1,39,0.0,Low Risk
218720472,2023-09-05,3,1,39,0.0,Low Risk
218900441,2023-09-06,2,1,39,0.0,Low Risk
221123938,2023-09-06,2,1,39,0.0,Low Risk
166750222,2023-09-06,2,1,39,0.0,Low Risk
154783053,2023-09-06,2,1,39,0.0,Low Risk
221100604,2023-09-06,2,1,39,0.0,Low Risk
220703723,2023-09-06,2,1,39,0.0,Low Risk
220815627,2023-09-06,2,1,39,0.0,Low Risk
214764106,2023-09-06,2,1,39,0.0,Low Risk
158763940,2023-09-07,1,1,39,0.04,High Risk
220065316,2023-09-07,1,1,39,0.04,High Risk
217662862,2023-09-07,1,1,39,0.04,High Risk
220328388,2023-09-07,1,1,39,0.04,High Risk
219521019,2023-09-07,1,1,39,0.04,High Risk
221145374,2023-09-07,1,1,39,0.04,High Risk
221130434,2023-09-07,1,1,39,0.04,High Risk
221189604,2023-09-08,0,1,39,0.03,High Risk
215174643,2023-09-08,0,1,39,0.03,High Risk
188354637,2023-09-08,0,1,39,0.03,High Risk
